--
-- PostgreSQL database dump
--

-- Dumped from database version 14.5
-- Dumped by pg_dump version 14.5

-- Started on 2022-12-11 16:45:18

SET statement_timeout = 0;
SET lock_timeout = 0;
SET idle_in_transaction_session_timeout = 0;
SET client_encoding = 'UTF8';
SET standard_conforming_strings = on;
SELECT pg_catalog.set_config('search_path', '', false);
SET check_function_bodies = false;
SET xmloption = content;
SET client_min_messages = warning;
SET row_security = off;

SET default_tablespace = '';

SET default_table_access_method = heap;

--
-- TOC entry 212 (class 1259 OID 33006)
-- Name: category; Type: TABLE; Schema: public; Owner: postgres
--

CREATE TABLE public.category (
    id integer NOT NULL,
    name character varying(255)
);


ALTER TABLE public.category OWNER TO postgres;

--
-- TOC entry 211 (class 1259 OID 33005)
-- Name: category_id_seq; Type: SEQUENCE; Schema: public; Owner: postgres
--

ALTER TABLE public.category ALTER COLUMN id ADD GENERATED BY DEFAULT AS IDENTITY (
    SEQUENCE NAME public.category_id_seq
    START WITH 1
    INCREMENT BY 1
    NO MINVALUE
    NO MAXVALUE
    CACHE 1
);


--
-- TOC entry 214 (class 1259 OID 33012)
-- Name: image; Type: TABLE; Schema: public; Owner: postgres
--

CREATE TABLE public.image (
    id integer NOT NULL,
    file_name character varying(255),
    product_id integer NOT NULL
);


ALTER TABLE public.image OWNER TO postgres;

--
-- TOC entry 213 (class 1259 OID 33011)
-- Name: image_id_seq; Type: SEQUENCE; Schema: public; Owner: postgres
--

ALTER TABLE public.image ALTER COLUMN id ADD GENERATED BY DEFAULT AS IDENTITY (
    SEQUENCE NAME public.image_id_seq
    START WITH 1
    INCREMENT BY 1
    NO MINVALUE
    NO MAXVALUE
    CACHE 1
);


--
-- TOC entry 220 (class 1259 OID 33070)
-- Name: orders; Type: TABLE; Schema: public; Owner: postgres
--

CREATE TABLE public.orders (
    id integer NOT NULL,
    count integer NOT NULL,
    date_time timestamp without time zone,
    number character varying(255),
    price real NOT NULL,
    status integer,
    person_id integer NOT NULL,
    product_id integer NOT NULL
);


ALTER TABLE public.orders OWNER TO postgres;

--
-- TOC entry 219 (class 1259 OID 33069)
-- Name: orders_id_seq; Type: SEQUENCE; Schema: public; Owner: postgres
--

ALTER TABLE public.orders ALTER COLUMN id ADD GENERATED BY DEFAULT AS IDENTITY (
    SEQUENCE NAME public.orders_id_seq
    START WITH 1
    INCREMENT BY 1
    NO MINVALUE
    NO MAXVALUE
    CACHE 1
);


--
-- TOC entry 210 (class 1259 OID 24832)
-- Name: person; Type: TABLE; Schema: public; Owner: postgres
--

CREATE TABLE public.person (
    id integer NOT NULL,
    login character varying(50),
    password character varying(255),
    role character varying(255)
);


ALTER TABLE public.person OWNER TO postgres;

--
-- TOC entry 209 (class 1259 OID 24831)
-- Name: person_id_seq; Type: SEQUENCE; Schema: public; Owner: postgres
--

ALTER TABLE public.person ALTER COLUMN id ADD GENERATED BY DEFAULT AS IDENTITY (
    SEQUENCE NAME public.person_id_seq
    START WITH 1
    INCREMENT BY 1
    NO MINVALUE
    NO MAXVALUE
    CACHE 1
);


--
-- TOC entry 216 (class 1259 OID 33018)
-- Name: product; Type: TABLE; Schema: public; Owner: postgres
--

CREATE TABLE public.product (
    id integer NOT NULL,
    date_time_of_create timestamp without time zone,
    description text NOT NULL,
    price real NOT NULL,
    seller character varying(255) NOT NULL,
    title text NOT NULL,
    warehouse character varying(255) NOT NULL,
    category_id integer NOT NULL,
    CONSTRAINT product_price_check CHECK ((price >= (1)::double precision))
);


ALTER TABLE public.product OWNER TO postgres;

--
-- TOC entry 218 (class 1259 OID 33054)
-- Name: product_cart; Type: TABLE; Schema: public; Owner: postgres
--

CREATE TABLE public.product_cart (
    id integer NOT NULL,
    person_id integer,
    product_id integer
);


ALTER TABLE public.product_cart OWNER TO postgres;

--
-- TOC entry 217 (class 1259 OID 33053)
-- Name: product_cart_id_seq; Type: SEQUENCE; Schema: public; Owner: postgres
--

ALTER TABLE public.product_cart ALTER COLUMN id ADD GENERATED BY DEFAULT AS IDENTITY (
    SEQUENCE NAME public.product_cart_id_seq
    START WITH 1
    INCREMENT BY 1
    NO MINVALUE
    NO MAXVALUE
    CACHE 1
);


--
-- TOC entry 215 (class 1259 OID 33017)
-- Name: product_id_seq; Type: SEQUENCE; Schema: public; Owner: postgres
--

ALTER TABLE public.product ALTER COLUMN id ADD GENERATED BY DEFAULT AS IDENTITY (
    SEQUENCE NAME public.product_id_seq
    START WITH 1
    INCREMENT BY 1
    NO MINVALUE
    NO MAXVALUE
    CACHE 1
);


--
-- TOC entry 3354 (class 0 OID 33006)
-- Dependencies: 212
-- Data for Name: category; Type: TABLE DATA; Schema: public; Owner: postgres
--

INSERT INTO public.category (id, name) VALUES (1, 'Мебель');
INSERT INTO public.category (id, name) VALUES (2, 'Бытовая техника');
INSERT INTO public.category (id, name) VALUES (3, 'Одежда');


--
-- TOC entry 3356 (class 0 OID 33012)
-- Dependencies: 214
-- Data for Name: image; Type: TABLE DATA; Schema: public; Owner: postgres
--

INSERT INTO public.image (id, file_name, product_id) VALUES (1, '27e3e639-5dfe-4f35-a060-fcbe5c05d589.1.jpg', 1);
INSERT INTO public.image (id, file_name, product_id) VALUES (2, 'f0642930-6bea-4289-8844-2fe127926406.2.jpg', 1);
INSERT INTO public.image (id, file_name, product_id) VALUES (3, 'af35f8f7-99dd-43aa-957a-897e6293b351.3.jpg', 1);
INSERT INTO public.image (id, file_name, product_id) VALUES (4, '5a54941d-91f4-4a59-9eb2-04e2c413aca2.4.jpg', 1);
INSERT INTO public.image (id, file_name, product_id) VALUES (5, '207a0c3b-abcc-4c34-ba19-ed5b336960b9.5.jpg', 1);
INSERT INTO public.image (id, file_name, product_id) VALUES (6, '41d162ab-8793-4e5e-a292-91218383b039.1.jpg', 2);
INSERT INTO public.image (id, file_name, product_id) VALUES (7, '39aa533c-65f9-4da3-824f-5a3e2779a101.2.jpg', 2);
INSERT INTO public.image (id, file_name, product_id) VALUES (8, '6f5d25b1-a2f9-4b3e-80e3-7019694be6b1.3.jpg', 2);
INSERT INTO public.image (id, file_name, product_id) VALUES (9, 'aaea4489-5070-42c6-b85c-91bfa24fd9e8.4.jpg', 2);
INSERT INTO public.image (id, file_name, product_id) VALUES (10, '29b76bea-e2c7-4a65-a395-f2b2baa32307.5.jpg', 2);
INSERT INTO public.image (id, file_name, product_id) VALUES (11, '77ec702f-76ed-4dfc-bf16-d2ef0d472ffb.1.jpeg', 3);
INSERT INTO public.image (id, file_name, product_id) VALUES (12, '22cebbde-43b0-498e-9e90-16ee9cbd40e4.2.jpg', 3);
INSERT INTO public.image (id, file_name, product_id) VALUES (13, '952e9286-33dc-44a4-a39a-bf3487d0113e.3.jpg', 3);
INSERT INTO public.image (id, file_name, product_id) VALUES (14, 'b25fe824-7e3b-49d1-96ff-ec2cbee307ad.4.jpg', 3);
INSERT INTO public.image (id, file_name, product_id) VALUES (15, '367cd01d-b46e-4ab2-a6e8-c8dcc232699c.5.jpg', 3);
INSERT INTO public.image (id, file_name, product_id) VALUES (16, 'd2abd171-4fe8-4df0-a109-23bfad242aff.1.jpg', 4);
INSERT INTO public.image (id, file_name, product_id) VALUES (17, '18608a7e-331b-4345-9d1c-982a6ec9c99d.2.jpg', 4);
INSERT INTO public.image (id, file_name, product_id) VALUES (18, 'fa38beff-d4c3-4dff-990f-0434eef69d11.3.jpg', 4);
INSERT INTO public.image (id, file_name, product_id) VALUES (19, '68ae1d6e-dde4-4de7-a717-a53fdf2b8cf2.4.jpg', 4);
INSERT INTO public.image (id, file_name, product_id) VALUES (20, '2332f9f4-7ed8-4673-a929-6ca997c21e45.5.jpg', 4);
INSERT INTO public.image (id, file_name, product_id) VALUES (21, 'ea75675d-af9b-415f-82d6-5a90de20d515.1.jpg', 5);
INSERT INTO public.image (id, file_name, product_id) VALUES (22, '5c507791-e5df-4aa6-b5b2-b7b017a64d22.2.jpg', 5);
INSERT INTO public.image (id, file_name, product_id) VALUES (23, '3390571d-cb08-410d-b75b-5bbcf7f1a92b.3.jpg', 5);
INSERT INTO public.image (id, file_name, product_id) VALUES (24, 'f3d5025d-e373-4bc4-a116-a144796dae20.4.jpg', 5);
INSERT INTO public.image (id, file_name, product_id) VALUES (25, 'd47b8b39-0035-4750-a9ca-6edd7f5e22f3.5.jpg', 5);
INSERT INTO public.image (id, file_name, product_id) VALUES (26, 'e7a9400f-c657-4c58-8087-21dedbf252e7.1 (1).jpg', 6);
INSERT INTO public.image (id, file_name, product_id) VALUES (27, 'b4202099-3b1f-4d35-ab86-c683b20f2e6f.2.jpg', 6);
INSERT INTO public.image (id, file_name, product_id) VALUES (28, 'daa0938d-6356-4ac9-b0ad-ea997facbd2a.3.jpg', 6);
INSERT INTO public.image (id, file_name, product_id) VALUES (29, 'fa91cd3c-cd16-4531-85f1-3c381f2b2c11.4.jpg', 6);
INSERT INTO public.image (id, file_name, product_id) VALUES (30, '8a1ad4b3-8490-49f0-beee-3a3d80f04295.5.jpg', 6);
INSERT INTO public.image (id, file_name, product_id) VALUES (31, '09362b1e-abba-4cdc-934a-6006c970cf74.1 .jpeg', 7);
INSERT INTO public.image (id, file_name, product_id) VALUES (32, 'e46e9797-97ca-40cf-aac3-469d89659a83.2.jpg', 7);
INSERT INTO public.image (id, file_name, product_id) VALUES (33, '33b470fc-687c-48ab-a4ff-aa2e0b521c0f.3.jpg', 7);
INSERT INTO public.image (id, file_name, product_id) VALUES (34, '3c07781c-e4db-4a05-938e-9c04f16c863f.4.jpg', 7);
INSERT INTO public.image (id, file_name, product_id) VALUES (35, '40e82ca6-5cd2-4c31-88e2-75bb733b9c3a.5.jpg', 7);
INSERT INTO public.image (id, file_name, product_id) VALUES (36, '3b0b29df-f47c-4ea1-989b-f7ac650c40b4.1.jpg', 8);
INSERT INTO public.image (id, file_name, product_id) VALUES (37, 'ed1ad2a2-d366-49c6-a421-9591420fc3d6.2.jpeg', 8);
INSERT INTO public.image (id, file_name, product_id) VALUES (38, '457ae812-1e38-4915-83b4-979d037c14a8.3.jpg', 8);
INSERT INTO public.image (id, file_name, product_id) VALUES (39, 'a6349d54-3c15-41b3-af4d-1a06373a314b.4.jpeg', 8);
INSERT INTO public.image (id, file_name, product_id) VALUES (40, '2295a5a9-a598-48d2-850d-e0f2849f3957.5.jpg', 8);
INSERT INTO public.image (id, file_name, product_id) VALUES (41, '5548a86c-f576-40de-9a5b-d92bb67b80b1.1 .webp', 9);
INSERT INTO public.image (id, file_name, product_id) VALUES (42, '3421beae-a30b-4af1-b076-4f0503b94085.2.jpg', 9);
INSERT INTO public.image (id, file_name, product_id) VALUES (43, '43157e26-3a37-4697-a9b2-34153a07b2c3.3.jpg', 9);
INSERT INTO public.image (id, file_name, product_id) VALUES (44, 'db342216-dd14-4bae-af70-d938a7120693.4.webp', 9);
INSERT INTO public.image (id, file_name, product_id) VALUES (45, '7f3b30eb-b954-4616-b7d4-2dbd9b66d48d.5.jpg', 9);
INSERT INTO public.image (id, file_name, product_id) VALUES (46, '0b88c4ae-6280-433e-8ad0-7d5a5f53d6a4.1.webp', 10);
INSERT INTO public.image (id, file_name, product_id) VALUES (47, '25e689db-4eb2-4596-bb02-1dee85d8dbda.2.webp', 10);
INSERT INTO public.image (id, file_name, product_id) VALUES (48, '2a29911c-bcbc-4e62-ad0d-a582ce376689.3.webp', 10);
INSERT INTO public.image (id, file_name, product_id) VALUES (49, 'feb8e0a8-b795-4eb3-ae30-8b418ec665a4.4.webp', 10);
INSERT INTO public.image (id, file_name, product_id) VALUES (50, '22af68f0-7721-49c4-a243-7d515b848fab.5.webp', 10);


--
-- TOC entry 3362 (class 0 OID 33070)
-- Dependencies: 220
-- Data for Name: orders; Type: TABLE DATA; Schema: public; Owner: postgres
--

INSERT INTO public.orders (id, count, date_time, number, price, status, person_id, product_id) VALUES (17, 1, '2022-12-09 17:05:00', 'c1908a80-0579-4034-97af-9bb76749961e', 3960, 3, 5, 1);
INSERT INTO public.orders (id, count, date_time, number, price, status, person_id, product_id) VALUES (18, 1, '2022-12-09 17:05:41.721023', '0bed3189-2ec6-4d9f-8393-8ce9effe2250', 2520, 1, 5, 2);
INSERT INTO public.orders (id, count, date_time, number, price, status, person_id, product_id) VALUES (13, 1, '2022-12-08 14:55:00', '896c5036-40cc-4564-9ac5-0f02a361a73d', 338, 1, 3, 5);
INSERT INTO public.orders (id, count, date_time, number, price, status, person_id, product_id) VALUES (14, 1, '2022-12-08 14:57:00', '554b401b-4f2f-474d-8ecb-304654eb5f8a', 17995, 0, 3, 8);
INSERT INTO public.orders (id, count, date_time, number, price, status, person_id, product_id) VALUES (15, 1, '2022-12-08 14:57:00', 'becc0207-b9e6-467f-85bd-5edc539ef87f', 11249, 0, 3, 6);
INSERT INTO public.orders (id, count, date_time, number, price, status, person_id, product_id) VALUES (12, 1, '2022-12-08 14:55:00', 'c7af8f4c-3647-42d3-b9ef-811045ea6a78', 33615, 3, 3, 9);


--
-- TOC entry 3352 (class 0 OID 24832)
-- Dependencies: 210
-- Data for Name: person; Type: TABLE DATA; Schema: public; Owner: postgres
--

INSERT INTO public.person (id, login, password, role) VALUES (1, 'user_test', '$2a$10$2CUgEGKrg2myEXBJlexvI.Qd3R0mi4d.jzS7VZwo/pA9Idsxs/6zq', 'ROLE_USER');
INSERT INTO public.person (id, login, password, role) VALUES (2, 'admin', '$2a$10$hbMYwWuTcQKd2hDXhZ8.xeN.uD1/gdthdmyHEJmTJh.PoLFQEVry.', 'ROLE_ADMIN');
INSERT INTO public.person (id, login, password, role) VALUES (3, 'user_test1', '$2a$10$rXSXRxyI19XdzULYk8NV2.XxppEFdGNIVziQM038V3XDWt7fxyuOe', 'ROLE_USER');
INSERT INTO public.person (id, login, password, role) VALUES (4, 'user_test2', '$2a$10$RH6iqaZVr1gnGqd.lGmpoOYNJVMC5bTFwLeyExWmmV3Zi2k3RPIDm', 'ROLE_USER');
INSERT INTO public.person (id, login, password, role) VALUES (5, 'user_test3', '$2a$10$31AuKKcYaAG/991McQAKzOrh7mFgouJO731m2ax4vKmT6scyXSh2i', 'ROLE_USER');
INSERT INTO public.person (id, login, password, role) VALUES (6, 'user_test4', '$2a$10$pedOrk05jrl3/V4uwMo7gOKrPEF7oav99299StPX0o5P7yhRxnU56', 'ROLE_USER');


--
-- TOC entry 3358 (class 0 OID 33018)
-- Dependencies: 216
-- Data for Name: product; Type: TABLE DATA; Schema: public; Owner: postgres
--

INSERT INTO public.product (id, date_time_of_create, description, price, seller, title, warehouse, category_id) VALUES (1, NULL, 'Размеры (ШхГхВ): 75,2х43х75 см. Комод неотъемлемая часть мебели квартиры или дома. Комод деревянный Ксения станет надежным помощником в хранении вещей. Комод для хранения представлен в нескольких цветах: белый, крафт белый, серый, дуб сонома и бук, что позволит вписать в интерьер комнаты и сочетать с другой мебелью в доме. Комод для вещей идет в двух вариантах: с ручками и без них. Во втором варианте в комоде убраны ручки и удлинен фасад, за который и происходит открывание. Универсальность тумбы позволяет использовать ее, как детскую мебель в комнате вашего ребенка, в четырех больших ящиках поместятся игрушки и вещи. Поставьте его вместе с письменным столом Альянс арт. 100243145 в детской и он станет помощником в хранении учебников, тетрадей и канцелярии. В спальне он выступит как тумба для ТВ. А поставив в прихожей, комод Ксения будет сочетаться с обувницей Грация арт. 114272890 и настенной вешалкой Глория арт. 73452816. Мебельная фабрика «Стендмебель» использует только высококачественные материалы и фурнитуру, мы заботимся о наших покупателях и хотим, чтобы наша мебель прослужила Вам как можно дольше. Мы делаем все возможное, чтобы наша продукция доезжала даже в самые дальние уголки нашей страны целой и радовало Вас, для этого мы упаковываем нашу продукцию в картон, а по периметру укрепляем упаковку пенопластом. Для сборки Вам понадобится отвертка или шуроповерт, ключ шестигранник идет в комплекте. Гарантия: 12 месяцев', 3960, 'Стендмебель - фабрика мебели', 'Стендмебель Комод с ящиками Ксения СТМ для вещей', 'Коледино', 1);
INSERT INTO public.product (id, date_time_of_create, description, price, seller, title, warehouse, category_id) VALUES (2, '2022-12-03 15:20:13.696513', 'Размеры (ШхГхВ): 60х25,6х75 смНаша обувница Джулия станет прекрасным решением для удобного хранения обуви в прихожей, создав комфорт и чистоту в Вашем доме. Основное преимущество данной модели - её компактные размеры, позволяющие сэкономить несколько квадратных метров пола прихожей даже небольшой квартиры, обувная полка подойдет для хранения мужской, женской и детской обуви. Благодаря классическому дизайну, универсальности и актуальным цветовым решениям этажерка для обуви отлично дополнит Ваш комплект мебели любого стиля. Обувница в прихожую или как ее еще называют, галошница оснащена изолированной полочкой под аксессуары, которая станет незаменимой для домашних мелочей, ключей, перчаток, шапок, шарфов или предметов по уходу за обувью. В закрытом состоянии используйте её, чтобы поставить сумочку или пакет, положить зонт. Обувница белая, как и другие цвета имеет три наклонные полки для обуви в прихожую общей вместимостью до 9 пар обуви. Обувница для обуви сделана из сертифицированных и высококачественных ЛДСП, поэтому она прослужит Вам не один год. Собрать полки для обуви легко в домашних условиях. К набору прилагается подробная инструкция по сборке. Габаритные размеры обувницы (ШхВхГ) 60х25,6х75 см. Так же предлагаем другие наши товары бренда Стендмебель: Вешалка Глория артикул 73452816, Обувница Дина артикул 73474145, Вешалка Грация-2 артикул 112396129.', 2520, 'Стендмебель - фабрика мебели', 'Стендмебель Обувница Джулия СТМ, тумба для обуви', 'Коледино', 1);
INSERT INTO public.product (id, date_time_of_create, description, price, seller, title, warehouse, category_id) VALUES (8, '2022-12-03 15:30:21.61127', 'Беспроводной ручной портативный пылесос отлично подойдет для уборки различных помещений. В комплекте присутствуют фильтр, вертикальный стакан или контейнер для воды, есть насадки, но набор идет без мешка. Присутствует 3 бака для воды. В одном вода очищается, в другом - хранится в чистом виде, а в третий - поступает грязная. Также есть функция самоочистки пылесоса. И сухая, и влажная уборка с ним станут намного проще и быстрее. Щетка имеет мощный аккумулятор и работает на батарейка. Компактный мобильный пылесос может использоваться как швабра. Моющий прибор хорошо подойдет для уборки шерсти с дивана, чистки ковров, для пыли и грязи, или просто для мытья полов. Мобильный аккумуляторный пылесос очень хороший помощник для дома.', 17995, 'Официальный магазин Polaris', 'Redkey Вертикальный пылесос , моющий пылесос', 'Коледино', 2);
INSERT INTO public.product (id, date_time_of_create, description, price, seller, title, warehouse, category_id) VALUES (9, '2022-12-03 15:31:52.337541', 'Новая стиральная машина ATLANT серии INTENSE EXPERT имеет уникальный дизайн, который прекрасно дополнит любой интерьер своим внешним видом. С помощью новых сенсорных технологий достаточно легкого касания для выбора функций и программ. Светодиодные индикаторы и сегментный дисплей машины размещены на панели управления под небольшим углом, что облегчает визуальное восприятие отображаемой информации о работе машины. Благодаря интеллектуальным программам она не только интуитивно понятна в управлении, но и обеспечивает превосходные результаты стирки при низком потреблении воды и электроэнергии. Кроме того, действует увеличенная гарантия 5 лет на двигатель.', 33615, 'ВАЙЛДБЕРРИЗ', 'ATLANT Стиральная машина CMA-80 C 1214-01', 'Коледино', 2);
INSERT INTO public.product (id, date_time_of_create, description, price, seller, title, warehouse, category_id) VALUES (10, '2022-12-09 17:11:04.354754', 'Электросамокат DEXP Kid, масса которого составляет 4700 г, выдерживает нагрузку до 50 кг. Самокат обладает LED-подсветкой, помогающей обеспечить безопасность передвижения в условиях ограниченной освещенности. Производителем предусмотрены 3 скоростных режима. Максимальная скорость, развиваемая самокатом, равна лишь 8 км/ч, поэтому при необходимости вы сможете без каких-либо сложностей догнать удаляющегося от вас ребенка. Максимальный запас хода самоката равен 8 км. Возможно преодоление подъемов, угол которых не более чем 5°.
Электросамокат DEXP Kid оснащен аккумулятором, емкость которого равна 2000 мА·ч. Батарея полностью заряжается за 3 ч. Мощность мотора электросамоката – 80 Вт. Дизайн модели выполнен с помощью голубого цвета. В комплекте есть зарядное устройство и руководство пользователя. Эксплуатация самоката допускается при температуре окружающей среды от -20 до 60 °C.', 5199, 'DNS', 'Электросамокат', 'Коледино', 2);
INSERT INTO public.product (id, date_time_of_create, description, price, seller, title, warehouse, category_id) VALUES (3, '2022-12-03 15:22:47.205954', 'Размеры (ШхГхВ): 100х38,6х74,6 см Компьютерный стол Софи привлекает своей функциональностью, строгим дизайном и высоким уровнем прочности. Наш стол выполнен в трех цветах поэтому для него найдется место в любой комнате Вашего дома. Может использоваться как детский, компьютерный столик для учебы и отдыха или в кабинет и использовать его как рабочий стол. Вы можете расставить на него косметику и использовать как туалетный столик в спальню. В открытые полочки можно положить не только любимые книги и игрушки, но и различную мелочь для дома. Так же стол отлично впишется в любой офис и станет удобным рабочим местом для сотрудника. Модели обладают стандартной высотой, которая обеспечит вам и вашему ребенку комфортную посадку. Для стола используются сертифицированные, высококачественные ЛДСП, поэтому наша мебель прослужит вам не один год. К набору прилагается подробная инструкция по сборке.', 3000, 'Стендмебель - фабрика мебели', 'Стендмебель Стол письменный Софи СТМ, компьютерный', 'Коледино', 1);
INSERT INTO public.product (id, date_time_of_create, description, price, seller, title, warehouse, category_id) VALUES (4, '2022-12-03 15:24:33.755422', 'Джинсы молодежные на лето и осень - незаменимая вещь современного модного базового мужского гардероба. Удобные и функциональные - эти штаны брюки используются в качестве рабочей одежды, для дома, для спорта, для бега. Разнообразие моделей джинсовых брюк широкое: трубы, бананы, бойфренды, джоггеры, slim, бриджи, мотоджинсы. Особой популярностью пользуются прямые и зауженные к низу классические джинсы со средней и высокой посадкой. В коллекции бренда EREMES представлены синие голубые джинсы для мужчин высокого роста ( до 190 см), отлично сочетаются с рубашкой, толстовкой, худи, пиджаком и водолазкой. Модель штанов классического прямого кроя, застежка молния и шарнирная пуговица, накладные карманы сзади, штаны не зауженные, без флиса. Идеальная посадка обеспечена за счет точных лекал с фабрик Турции. Штаны подойдут обладателям больших размеров и высоким мальчикам подросткам. В них удобно водить автомобиль и мотоцикл. Мужские брюки комфортно носить в летний период. Подарок любимому другу папе. Турецкие джинсы мужские прямые широкие штаны классика брюки для невысоких мужская одежда для мальчиков рваные американки брюки с карманами без утепления скинни осень зима casual слоучи момы из плотного денима skinny с потертостями спортивки оверсайз стрейч светлые узкие молодежные слим большие зимние потертые по бокам больших размеров летние брюки', 1450, 'EREMES', 'Eremes Джинсы мужские прямые классические', 'Коледино', 3);
INSERT INTO public.product (id, date_time_of_create, description, price, seller, title, warehouse, category_id) VALUES (5, '2022-12-03 15:26:02.473097', 'Футболка мужская хлопок спортивная однотонная базовая модная свободная пляжная с коротким рукавом. Стильная хлопковая футболка классического кроя - это вещь унисекс, которая подойдет и мужчинам, и женщинам. СОСТАВ: ХЛОПОК 100% ПЛОТНОСТЬ 180 гр/мк в. Молодежная женская и мужская футболка выполнена из плотной хлопковой ткани и имеет круглый вырез горловины. Удлиненная футболка подходит для отдыха, туризма и занятий спортом: фитнеса, йоги, бега и тренировок в зале. В ней можно отправиться на прогулку в город. Базовая футболка вписывается в школьную форму и офисный стиль. Ее можно носить дома или надеть в школу и на работу в офис под пиджак. Трикотажная футболка оптимальна для носки летом. Она является базовой вещью и будет прекрасно сочетаться со всеми вещами в вашем гардеробе, в том числе в стиле оверсайз. Красивая футболка подойдет парням и девушкам любого роста - высоким и невысоким. Ее могут носить взрослые и подростки. В ассортименте большой выбор ярких цветов. Вы можете подарить ее на день рождения любимому мужу, маме, брату или папе. У нас есть акции и распродажи, вы можете купить наши товары в подарок со скидкой!', 338, 'UZcotton', 'UZcotton Футболка мужская хлопок спортивная однотонная базовая', 'Коледино', 3);
INSERT INTO public.product (id, date_time_of_create, description, price, seller, title, warehouse, category_id) VALUES (6, '2022-12-03 15:27:21.482735', 'Мужская футбольная куртка для тренировок в прохладную погоду. Утепленная модель дополнена стегаными вставками на подкладке и рукавах. Застежка на молнию и глубокий прилегающий капюшон. Современный приталенный крой', 11249, 'ВАЙЛДБЕРРИЗ', 'adidas Куртка', 'Коледино', 3);
INSERT INTO public.product (id, date_time_of_create, description, price, seller, title, warehouse, category_id) VALUES (7, '2022-12-03 15:28:53.040508', '**5 в 1: Планетарный миксер с 3-мя насадками, Блендер, Мясорубка. Технология SmartMIX - прибор автоматически подбирает оптимальную мощность работы для каждого вида и количества ингредиентов. Технология PROtect+ защита двигателя от перегрева.** Надёжная конструкция со стальными шестернями. Планетарное вращение насадок. Чаша из нержавеющей стали. Объем чаши 5 л. 6 скоростных режимов. Плавная регулировка скорости. Импульсивный режим. Венчик для взбивания. Насадка для смешивания. Крюк для замешивания теста. Крышка чаши для добавления ингредиентов. Мясорубка: 2 диска из нержавеющей стали (5 и 7 мм). Кувшин блендера из высокопрочного стекла объемом 1,5 л.Низкий уровень шума. Система безопасного включения. Защита двигателя от перегрева. Отсек для намотки сетевого шнура. Прорезиненные ножки. Мощность: 1100 Вт.', 10999, 'ВАЙЛДБЕРРИЗ', 'Polaris Планетарный миксер / Кухонная машина PKM 1104, (POLARIS)', 'Коледино', 2);


--
-- TOC entry 3360 (class 0 OID 33054)
-- Dependencies: 218
-- Data for Name: product_cart; Type: TABLE DATA; Schema: public; Owner: postgres
--



--
-- TOC entry 3368 (class 0 OID 0)
-- Dependencies: 211
-- Name: category_id_seq; Type: SEQUENCE SET; Schema: public; Owner: postgres
--

SELECT pg_catalog.setval('public.category_id_seq', 3, true);


--
-- TOC entry 3369 (class 0 OID 0)
-- Dependencies: 213
-- Name: image_id_seq; Type: SEQUENCE SET; Schema: public; Owner: postgres
--

SELECT pg_catalog.setval('public.image_id_seq', 50, true);


--
-- TOC entry 3370 (class 0 OID 0)
-- Dependencies: 219
-- Name: orders_id_seq; Type: SEQUENCE SET; Schema: public; Owner: postgres
--

SELECT pg_catalog.setval('public.orders_id_seq', 18, true);


--
-- TOC entry 3371 (class 0 OID 0)
-- Dependencies: 209
-- Name: person_id_seq; Type: SEQUENCE SET; Schema: public; Owner: postgres
--

SELECT pg_catalog.setval('public.person_id_seq', 6, true);


--
-- TOC entry 3372 (class 0 OID 0)
-- Dependencies: 217
-- Name: product_cart_id_seq; Type: SEQUENCE SET; Schema: public; Owner: postgres
--

SELECT pg_catalog.setval('public.product_cart_id_seq', 26, true);


--
-- TOC entry 3373 (class 0 OID 0)
-- Dependencies: 215
-- Name: product_id_seq; Type: SEQUENCE SET; Schema: public; Owner: postgres
--

SELECT pg_catalog.setval('public.product_id_seq', 10, true);


--
-- TOC entry 3193 (class 2606 OID 33010)
-- Name: category category_pkey; Type: CONSTRAINT; Schema: public; Owner: postgres
--

ALTER TABLE ONLY public.category
    ADD CONSTRAINT category_pkey PRIMARY KEY (id);


--
-- TOC entry 3195 (class 2606 OID 33016)
-- Name: image image_pkey; Type: CONSTRAINT; Schema: public; Owner: postgres
--

ALTER TABLE ONLY public.image
    ADD CONSTRAINT image_pkey PRIMARY KEY (id);


--
-- TOC entry 3205 (class 2606 OID 33074)
-- Name: orders orders_pkey; Type: CONSTRAINT; Schema: public; Owner: postgres
--

ALTER TABLE ONLY public.orders
    ADD CONSTRAINT orders_pkey PRIMARY KEY (id);


--
-- TOC entry 3191 (class 2606 OID 24838)
-- Name: person person_pkey; Type: CONSTRAINT; Schema: public; Owner: postgres
--

ALTER TABLE ONLY public.person
    ADD CONSTRAINT person_pkey PRIMARY KEY (id);


--
-- TOC entry 3203 (class 2606 OID 33058)
-- Name: product_cart product_cart_pkey; Type: CONSTRAINT; Schema: public; Owner: postgres
--

ALTER TABLE ONLY public.product_cart
    ADD CONSTRAINT product_cart_pkey PRIMARY KEY (id);


--
-- TOC entry 3197 (class 2606 OID 33025)
-- Name: product product_pkey; Type: CONSTRAINT; Schema: public; Owner: postgres
--

ALTER TABLE ONLY public.product
    ADD CONSTRAINT product_pkey PRIMARY KEY (id);


--
-- TOC entry 3199 (class 2606 OID 33027)
-- Name: product uk_q2n3melweyrl5d4rqkg7pq6ra; Type: CONSTRAINT; Schema: public; Owner: postgres
--

ALTER TABLE ONLY public.product
    ADD CONSTRAINT uk_q2n3melweyrl5d4rqkg7pq6ra UNIQUE (description);


--
-- TOC entry 3201 (class 2606 OID 33029)
-- Name: product uk_qka6vxqdy1dprtqnx9trdd47c; Type: CONSTRAINT; Schema: public; Owner: postgres
--

ALTER TABLE ONLY public.product
    ADD CONSTRAINT uk_qka6vxqdy1dprtqnx9trdd47c UNIQUE (title);


--
-- TOC entry 3210 (class 2606 OID 33075)
-- Name: orders fk1b0m4muwx1t377w9if3w6wwqn; Type: FK CONSTRAINT; Schema: public; Owner: postgres
--

ALTER TABLE ONLY public.orders
    ADD CONSTRAINT fk1b0m4muwx1t377w9if3w6wwqn FOREIGN KEY (person_id) REFERENCES public.person(id);


--
-- TOC entry 3207 (class 2606 OID 33035)
-- Name: product fk1mtsbur82frn64de7balymq9s; Type: FK CONSTRAINT; Schema: public; Owner: postgres
--

ALTER TABLE ONLY public.product
    ADD CONSTRAINT fk1mtsbur82frn64de7balymq9s FOREIGN KEY (category_id) REFERENCES public.category(id);


--
-- TOC entry 3211 (class 2606 OID 33080)
-- Name: orders fk787ibr3guwp6xobrpbofnv7le; Type: FK CONSTRAINT; Schema: public; Owner: postgres
--

ALTER TABLE ONLY public.orders
    ADD CONSTRAINT fk787ibr3guwp6xobrpbofnv7le FOREIGN KEY (product_id) REFERENCES public.product(id);


--
-- TOC entry 3206 (class 2606 OID 33030)
-- Name: image fkgpextbyee3uk9u6o2381m7ft1; Type: FK CONSTRAINT; Schema: public; Owner: postgres
--

ALTER TABLE ONLY public.image
    ADD CONSTRAINT fkgpextbyee3uk9u6o2381m7ft1 FOREIGN KEY (product_id) REFERENCES public.product(id);


--
-- TOC entry 3209 (class 2606 OID 33064)
-- Name: product_cart fkhpnrxdy3jhujameyod08ilvvw; Type: FK CONSTRAINT; Schema: public; Owner: postgres
--

ALTER TABLE ONLY public.product_cart
    ADD CONSTRAINT fkhpnrxdy3jhujameyod08ilvvw FOREIGN KEY (product_id) REFERENCES public.product(id);


--
-- TOC entry 3208 (class 2606 OID 33059)
-- Name: product_cart fksgnkc1ko2i1o9yr2p63ysq3rn; Type: FK CONSTRAINT; Schema: public; Owner: postgres
--

ALTER TABLE ONLY public.product_cart
    ADD CONSTRAINT fksgnkc1ko2i1o9yr2p63ysq3rn FOREIGN KEY (person_id) REFERENCES public.person(id);


-- Completed on 2022-12-11 16:45:19

--
-- PostgreSQL database dump complete
--

